id,label
0,g
1,g
2,g
3,g
4,g
5,g
6,g
7,g
8,g
9,g
10,g
11,g
12,g
13,g
14,g
15,c
16,g
17,g
18,g
19,d
20,g
21,g
22,g
23,g
24,g
25,g
26,g
27,g
28,g
29,d
30,g
31,g
32,g
33,g
34,g
35,g
36,g
37,g
38,g
39,g
40,g
41,g
42,g
43,g
44,g
45,g
46,g
47,g
48,g
49,g
50,g
51,g
52,g
53,g
54,g
55,g
56,g
57,g
58,g
59,g
60,g
61,g
62,g
63,g
64,g
65,g
66,g
67,g
68,g
69,g
70,g
71,g
72,g
73,g
74,g
75,g
76,g
77,g
78,g
79,g
80,g
81,g
82,g
83,g
84,g
85,g
86,g
87,g
88,g
89,g
90,g
91,g
92,g
93,d
94,g
95,g
96,g
97,g
98,g
99,g
100,g
101,g
102,g
103,g
104,g
105,g
106,g
107,g
108,g
109,g
110,g
111,g
112,g
113,g
114,g
115,g
116,g
117,g
118,g
119,g
120,g
121,g
122,g
123,g
124,g
125,g
126,g
127,g
128,g
129,g
130,g
131,g
132,g
133,g
134,g
135,g
136,d
137,g
138,g
139,g
140,g
141,d
142,g
143,g
144,g
145,g
146,g
147,d
148,g
149,g
150,g
151,g
152,g
153,g
154,g
155,g
156,g
157,g
158,g
159,g
160,g
161,g
162,g
163,g
164,g
165,g
166,g
167,g
168,g
169,g
170,g
171,g
172,g
173,g
174,g
175,g
176,g
177,g
178,d
179,g
180,g
181,g
182,g
183,g
184,g
185,g
186,g
187,g
188,g
189,g
190,g
191,g
192,g
193,g
194,g
195,g
196,g
197,g
198,g
199,g
200,g
201,g
202,g
203,g
204,g
205,g
206,g
207,g
208,g
209,g
210,g
211,g
212,g
213,g
214,g
215,g
216,g
217,g
218,g
219,g
220,g
221,g
222,g
223,g
224,g
225,g
226,g
227,g
228,g
229,g
230,g
231,g
232,g
233,g
234,g
235,g
236,g
237,g
238,g
239,g
240,g
241,g
242,g
243,g
244,g
245,g
246,g
247,g
248,g
249,g
250,g
251,g
252,g
253,g
254,g
255,g
256,g
257,g
258,g
259,g
260,g
261,g
262,g
263,g
264,g
265,c
266,g
267,g
268,g
269,g
270,g
271,g
272,g
273,g
274,g
275,g
276,g
277,g
278,g
279,g
280,g
281,g
282,g
283,d
284,g
285,g
286,g
287,g
288,d
289,g
290,g
291,g
292,g
293,g
294,g
295,g
296,g
297,g
298,g
299,g
300,d
301,g
302,g
303,g
304,g
305,g
306,g
307,g
308,g
309,g
310,g
311,g
312,g
313,g
314,g
315,g
316,g
317,g
318,g
319,g
320,g
321,g
322,g
323,g
324,g
325,g
326,g
327,g
328,g
329,g
330,g
331,g
332,g
333,g
334,g
335,g
336,g
337,g
338,d
339,g
340,g
341,g
342,g
343,g
344,g
345,g
346,g
347,g
348,g
349,g
350,g
351,g
352,d
353,g
354,g
355,g
356,g
357,g
358,g
359,g
360,g
361,g
362,g
363,g
364,d
365,g
366,d
367,g
368,g
369,g
370,g
371,g
372,g
373,g
374,g
375,g
376,g
377,g
378,g
379,g
380,g
381,g
382,g
383,g
384,g
385,g
386,g
387,d
388,g
389,g
390,Z
391,g
392,g
393,g
394,g
395,g
396,g
397,g
398,g
399,g
400,g
401,g
402,g
403,g
404,g
405,g
406,g
407,g
408,g
409,g
410,g
411,g
412,g
413,g
414,d
415,g
416,g
417,g
418,g
419,g
420,g
421,g
422,d
423,g
424,g
425,g
426,g
427,g
428,g
429,g
430,g
431,g
432,g
433,g
434,g
435,g
436,g
437,g
438,g
439,g
440,g
441,g
442,g
443,g
444,g
445,g
446,g
447,g
448,d
449,g
450,g
451,g
452,g
453,g
454,g
455,g
456,g
457,g
458,g
459,g
460,g
461,g
462,g
463,g
464,g
465,g
466,g
467,g
468,g
469,g
470,g
471,g
472,g
473,g
474,g
475,g
476,g
477,g
478,g
479,g
480,g
481,g
482,g
483,g
484,g
485,g
486,g
487,g
488,g
489,g
490,g
491,g
492,g
493,g
494,g
495,g
496,g
497,g
498,g
499,g
500,d
501,g
502,g
503,g
504,g
505,d
506,g
507,g
508,g
509,g
510,g
511,g
512,g
513,g
514,g
515,g
516,g
517,g
518,d
519,g
520,g
521,g
522,g
523,d
524,g
525,g
526,g
527,g
528,g
529,g
530,g
531,g
532,g
533,g
534,g
535,g
536,g
537,g
538,g
539,g
540,g
541,g
542,g
543,g
544,g
545,g
546,g
547,g
548,d
549,g
550,g
551,g
552,g
553,g
554,g
555,g
556,g
557,g
558,g
559,g
560,g
561,g
562,g
563,g
564,g
565,g
566,g
567,g
568,g
569,d
570,g
571,g
572,g
573,g
574,g
575,g
576,g
577,g
578,g
579,g
580,g
581,g
582,g
583,g
584,g
585,g
586,g
587,g
588,g
589,g
590,g
591,g
592,g
593,g
594,g
595,c
596,g
597,g
598,g
599,g
600,g
601,g
602,g
603,g
604,g
605,g
606,g
607,g
608,g
609,g
610,g
611,g
612,g
613,g
614,g
615,g
616,g
617,g
618,g
619,g
620,g
621,g
622,g
623,g
624,g
625,g
626,g
627,g
628,g
629,g
630,g
631,g
632,g
633,g
634,g
635,g
636,g
637,g
638,g
639,g
640,g
641,g
642,g
643,g
644,g
645,g
646,g
647,g
648,g
649,g
650,g
651,g
652,g
653,g
654,g
655,g
656,g
657,g
658,g
659,g
660,g
661,g
662,g
663,g
664,g
665,g
666,g
667,g
668,g
669,g
670,g
671,g
672,d
673,g
674,g
675,g
676,g
677,g
678,g
679,g
680,d
681,g
682,g
683,g
684,g
685,g
686,g
687,d
688,g
689,g
690,g
691,g
692,g
693,g
694,g
695,g
696,g
697,g
698,g
699,g
700,g
701,g
702,g
703,g
704,g
705,g
706,g
707,g
708,g
709,g
710,g
711,g
712,g
713,g
714,g
715,g
716,g
717,g
718,g
719,g
720,g
721,g
722,g
723,g
724,d
725,g
726,g
727,g
728,g
729,g
730,g
731,g
732,g
733,g
734,g
735,g
736,g
737,d
738,Z
739,g
740,g
741,g
742,g
743,g
744,g
745,g
746,g
747,g
748,g
749,g
750,g
751,d
752,g
753,g
754,g
755,g
756,g
757,g
758,g
759,g
760,g
761,g
762,g
763,g
764,g
765,g
766,g
767,g
768,g
769,g
770,g
771,g
772,g
773,g
774,g
775,g
776,g
777,g
778,g
779,g
780,g
781,g
782,g
783,g
784,g
785,g
786,g
787,g
788,g
789,g
790,g
791,g
792,g
793,g
794,g
795,g
796,g
797,g
798,g
799,g
800,g
801,g
802,g
803,g
804,g
805,g
806,c
807,g
808,g
809,g
810,g
811,g
812,g
813,g
814,g
815,g
816,g
817,g
818,g
819,g
820,g
821,[
822,g
823,g
824,g
825,g
826,g
827,g
828,g
829,g
830,g
831,g
832,g
833,g
834,g
835,g
836,g
837,g
838,g
839,g
840,g
841,g
842,g
843,g
844,g
845,g
846,g
847,g
848,g
849,g
850,g
851,g
852,g
853,g
854,g
855,g
856,g
857,g
858,g
859,g
860,g
861,g
862,g
863,g
864,g
865,g
866,g
867,g
868,g
869,g
870,g
871,g
872,g
873,g
874,g
875,g
876,g
877,g
878,g
879,g
880,g
881,g
882,g
883,g
884,g
885,g
886,g
887,g
888,g
889,g
890,g
891,g
892,g
893,g
894,g
895,g
896,g
897,g
898,g
899,g
900,g
901,g
902,c
903,g
904,g
905,g
906,g
907,g
908,g
909,g
910,g
911,g
912,g
913,g
914,g
915,g
916,g
917,g
918,g
919,g
920,g
921,g
922,g
923,g
924,g
925,g
926,g
927,g
928,g
929,g
930,g
931,g
932,g
933,g
934,g
935,g
936,g
937,g
938,g
939,d
940,g
941,c
942,g
943,g
944,g
945,g
946,g
947,g
948,g
949,g
950,g
951,g
952,g
953,g
954,g
955,g
956,g
957,g
958,g
959,g
960,g
961,g
962,g
963,g
964,`
965,g
966,g
967,c
968,g
969,g
970,g
971,g
972,g
973,g
974,g
975,g
976,g
977,g
978,g
979,g
980,g
981,g
982,g
983,g
984,g
985,g
986,g
987,g
988,g
989,g
990,g
991,g
992,g
993,g
994,g
995,g
996,g
997,g
998,g
999,g
1000,g
1001,g
1002,g
1003,g
1004,g
1005,g
1006,g
1007,g
1008,g
1009,g
1010,g
1011,g
1012,g
1013,g
1014,g
1015,g
1016,g
1017,g
1018,g
1019,g
1020,g
1021,g
1022,g
1023,g
1024,g
1025,d
1026,g
1027,g
1028,g
1029,g
1030,g
1031,g
1032,g
1033,g
1034,g
1035,g
1036,g
1037,g
1038,g
1039,g
1040,g
1041,g
1042,g
1043,g
1044,g
1045,g
1046,g
1047,g
1048,g
1049,g
1050,g
1051,g
1052,g
1053,g
1054,g
1055,g
1056,g
1057,g
1058,g
1059,g
1060,g
1061,g
1062,g
1063,g
1064,g
1065,g
1066,g
1067,g
1068,g
1069,g
1070,g
1071,g
1072,g
1073,g
1074,c
1075,g
1076,g
1077,g
1078,g
1079,g
1080,g
1081,g
1082,g
1083,g
1084,g
1085,g
1086,g
1087,g
1088,g
1089,g
1090,g
1091,g
1092,g
1093,g
1094,g
1095,g
1096,g
1097,g
1098,g
1099,g
1100,g
1101,g
1102,g
1103,g
1104,g
1105,g
1106,g
1107,d
1108,g
1109,g
1110,g
1111,g
1112,g
1113,g
1114,g
1115,g
1116,d
1117,g
1118,g
1119,g
1120,g
1121,g
1122,g
1123,d
1124,g
1125,g
1126,g
1127,g
1128,g
1129,g
1130,g
1131,g
1132,d
1133,g
1134,g
1135,g
1136,g
1137,g
1138,g
1139,g
1140,g
1141,g
1142,g
1143,g
1144,g
1145,g
1146,g
1147,g
1148,d
1149,g
1150,g
1151,g
1152,g
1153,g
1154,g
1155,g
1156,g
1157,d
1158,g
1159,[
1160,g
1161,g
1162,g
1163,g
1164,g
1165,g
1166,g
1167,g
1168,g
1169,g
1170,g
1171,g
1172,d
1173,g
1174,g
1175,g
1176,g
1177,g
1178,g
1179,g
1180,g
1181,g
1182,g
1183,g
1184,g
1185,g
1186,g
1187,g
1188,g
1189,g
1190,g
1191,g
1192,g
1193,g
1194,g
1195,g
1196,g
1197,g
1198,g
1199,g
1200,g
1201,g
1202,g
1203,g
1204,g
1205,g
1206,g
1207,g
1208,g
1209,g
1210,h
1211,g
1212,g
1213,g
1214,g
1215,g
1216,g
1217,g
1218,g
1219,g
1220,g
1221,g
1222,g
1223,g
1224,g
1225,g
1226,g
1227,g
1228,g
1229,g
1230,g
1231,g
1232,g
1233,g
1234,g
1235,g
1236,g
1237,d
1238,g
1239,g
1240,g
1241,g
1242,g
1243,g
1244,g
1245,g
1246,g
1247,c
1248,g
1249,g
1250,g
1251,g
1252,g
1253,g
1254,g
1255,g
1256,g
1257,g
1258,g
1259,g
1260,g
1261,g
1262,g
1263,g
1264,g
1265,g
1266,g
1267,g
1268,g
1269,g
1270,g
1271,g
1272,g
1273,g
1274,g
1275,g
1276,g
1277,g
1278,g
1279,g
1280,Z
1281,g
1282,g
1283,g
1284,g
1285,g
1286,g
1287,g
1288,g
1289,g
1290,g
1291,g
1292,g
1293,g
1294,g
1295,g
1296,g
1297,g
1298,g
1299,g
1300,g
1301,g
1302,g
1303,g
1304,g
1305,g
1306,g
1307,g
1308,d
1309,g
1310,g
1311,g
1312,g
1313,g
1314,g
1315,g
1316,g
1317,g
1318,g
1319,g
1320,g
1321,g
1322,g
1323,g
1324,g
1325,d
1326,g
1327,c
1328,g
1329,g
1330,g
1331,g
1332,g
1333,g
1334,g
1335,g
1336,g
1337,g
1338,g
1339,g
1340,g
1341,g
1342,g
1343,g
1344,g
1345,g
1346,g
1347,g
1348,g
1349,g
1350,g
1351,g
1352,g
1353,g
1354,g
1355,g
1356,g
1357,g
1358,g
1359,g
1360,g
1361,g
1362,g
1363,g
1364,g
1365,g
1366,g
1367,g
1368,g
1369,g
1370,c
1371,c
1372,g
1373,g
1374,g
1375,g
1376,g
1377,g
1378,g
1379,g
1380,g
1381,g
1382,g
1383,g
1384,g
1385,g
1386,g
1387,g
1388,g
1389,g
1390,g
1391,g
1392,g
1393,g
1394,g
1395,g
1396,g
1397,g
1398,g
1399,g
1400,g
1401,g
1402,g
1403,g
1404,g
1405,g
1406,g
1407,g
1408,g
1409,g
1410,g
1411,g
1412,g
1413,g
1414,g
1415,g
1416,g
1417,g
1418,g
1419,g
1420,g
1421,g
1422,g
1423,g
1424,g
1425,g
1426,g
1427,g
1428,g
1429,g
1430,g
1431,g
1432,g
1433,g
1434,g
1435,g
1436,g
1437,g
1438,g
1439,c
1440,g
1441,g
1442,g
1443,g
1444,g
1445,g
1446,g
1447,g
1448,g
1449,g
1450,g
1451,g
1452,g
1453,g
1454,g
1455,g
1456,g
1457,g
1458,g
1459,g
1460,g
1461,g
1462,g
1463,g
1464,g
1465,g
1466,d
1467,g
1468,g
1469,g
1470,g
1471,g
1472,g
1473,g
1474,g
1475,g
1476,g
1477,g
1478,g
1479,g
1480,g
1481,g
1482,g
1483,g
1484,g
1485,g
1486,g
1487,g
1488,g
1489,g
1490,g
1491,g
1492,g
1493,g
1494,g
1495,g
1496,g
1497,g
1498,g
1499,g
1500,g
1501,g
1502,g
1503,c
1504,g
1505,g
1506,g
1507,g
1508,g
1509,g
1510,g
1511,g
1512,g
1513,g
1514,g
1515,g
1516,g
1517,g
1518,c
1519,g
1520,g
1521,g
1522,g
1523,d
1524,g
1525,g
1526,g
1527,g
1528,g
1529,g
1530,g
1531,g
1532,g
1533,g
1534,g
1535,g
1536,g
1537,g
1538,g
1539,g
1540,g
1541,g
1542,g
1543,g
1544,g
1545,g
1546,g
1547,g
1548,g
1549,c
1550,g
1551,g
1552,g
1553,g
1554,g
1555,g
1556,g
1557,g
1558,g
1559,g
1560,g
1561,g
1562,g
1563,g
1564,g
1565,g
1566,g
1567,g
1568,d
1569,g
1570,g
1571,g
1572,g
1573,g
1574,g
1575,g
1576,g
1577,g
1578,g
1579,g
1580,g
1581,g
1582,g
1583,g
1584,g
1585,g
1586,g
1587,g
1588,g
1589,d
1590,g
1591,g
1592,g
1593,g
1594,g
1595,g
1596,g
1597,g
1598,g
1599,g
1600,g
1601,g
1602,g
1603,d
1604,g
1605,g
1606,g
1607,g
1608,g
1609,g
1610,g
1611,g
1612,g
1613,g
1614,g
1615,g
1616,g
1617,g
1618,g
1619,g
1620,g
1621,g
1622,g
1623,g
1624,g
1625,g
1626,g
1627,g
1628,g
1629,g
1630,g
1631,g
1632,g
1633,g
1634,g
1635,g
1636,g
1637,g
1638,g
1639,g
1640,g
1641,g
1642,g
1643,g
1644,g
1645,g
1646,g
1647,g
1648,g
1649,g
1650,g
1651,g
1652,g
1653,g
1654,g
1655,g
1656,g
1657,g
1658,g
1659,g
1660,g
1661,g
1662,g
1663,g
1664,d
1665,g
1666,g
1667,g
1668,g
1669,g
1670,g
1671,g
1672,g
1673,g
1674,g
1675,g
1676,g
1677,g
1678,g
1679,g
1680,g
1681,g
1682,g
1683,g
1684,g
1685,g
1686,g
1687,g
1688,g
1689,g
1690,g
1691,g
1692,g
1693,g
1694,g
1695,g
1696,g
1697,g
1698,g
1699,g
1700,g
1701,g
1702,g
1703,g
1704,g
1705,g
1706,g
1707,g
1708,g
1709,g
1710,g
1711,g
1712,g
1713,g
1714,g
1715,g
1716,g
1717,g
1718,g
1719,g
1720,g
1721,g
1722,g
1723,g
1724,g
1725,g
1726,g
1727,g
1728,g
1729,g
1730,g
1731,g
1732,g
1733,g
1734,g
1735,g
1736,g
1737,g
1738,g
1739,g
1740,g
1741,g
1742,g
1743,g
1744,g
1745,g
1746,g
1747,g
1748,g
1749,g
1750,g
1751,g
1752,g
1753,g
1754,g
1755,g
1756,g
1757,g
1758,g
1759,g
1760,g
1761,g
1762,g
1763,g
1764,g
1765,g
1766,g
1767,g
1768,g
1769,g
1770,g
1771,g
1772,g
1773,g
1774,g
1775,g
1776,d
1777,g
1778,g
1779,c
1780,g
1781,g
1782,g
1783,g
1784,g
1785,g
1786,d
1787,g
1788,d
1789,g
1790,g
1791,g
1792,g
1793,g
1794,g
1795,g
1796,g
1797,g
1798,g
1799,g
1800,g
1801,g
1802,g
1803,g
1804,g
1805,g
1806,g
1807,c
1808,g
1809,g
1810,g
1811,g
1812,c
1813,g
1814,g
1815,g
1816,g
1817,g
1818,g
1819,g
1820,g
1821,g
1822,d
1823,g
1824,g
1825,g
1826,g
1827,g
1828,g
1829,g
1830,g
1831,g
1832,g
1833,g
1834,g
1835,g
1836,g
1837,g
1838,g
1839,g
1840,g
1841,g
1842,g
1843,g
1844,g
1845,g
1846,g
1847,g
1848,g
1849,g
1850,g
1851,g
1852,g
1853,g
1854,g
1855,g
1856,g
1857,g
1858,g
1859,g
1860,g
1861,c
1862,g
1863,g
1864,g
1865,g
1866,g
1867,d
1868,g
1869,g
1870,g
1871,g
1872,g
1873,g
1874,g
1875,g
1876,g
1877,g
1878,g
1879,g
1880,g
1881,g
1882,g
1883,g
1884,g
1885,g
1886,g
1887,g
1888,g
1889,g
1890,d
1891,g
1892,g
1893,g
1894,g
1895,g
1896,g
1897,g
1898,g
1899,g
1900,g
1901,g
1902,g
1903,g
1904,g
1905,g
1906,g
1907,g
1908,g
1909,g
1910,g
1911,g
1912,g
1913,g
1914,g
1915,g
1916,g
1917,g
1918,g
1919,g
1920,g
1921,g
1922,g
1923,g
1924,g
1925,g
1926,g
1927,g
1928,d
1929,g
1930,g
1931,g
1932,g
1933,g
1934,g
1935,g
1936,g
1937,g
1938,g
1939,g
1940,g
1941,g
1942,T
1943,g
1944,g
1945,g
1946,g
1947,g
1948,g
1949,g
1950,g
1951,g
1952,g
1953,g
1954,g
1955,g
1956,g
1957,g
1958,g
1959,g
1960,g
1961,g
1962,g
1963,g
1964,g
1965,g
1966,a
1967,g
1968,g
1969,g
1970,g
1971,g
1972,g
1973,g
1974,g
1975,g
1976,g
1977,g
1978,g
1979,g
1980,g
1981,g
1982,g
1983,g
1984,g
1985,g
1986,g
1987,c
1988,g
1989,g
1990,g
1991,d
1992,g
1993,g
1994,g
1995,d
1996,g
1997,g
1998,g
1999,g
2000,g
2001,g
2002,g
2003,g
2004,g
2005,g
2006,g
2007,g
2008,g
2009,g
2010,g
2011,g
2012,g
2013,g
2014,g
2015,g
2016,g
2017,g
2018,g
2019,g
2020,g
2021,g
2022,g
2023,g
2024,g
2025,g
2026,g
2027,g
2028,g
2029,g
2030,g
2031,g
2032,g
2033,g
2034,g
2035,g
2036,g
2037,g
2038,g
2039,g
2040,g
2041,g
2042,g
2043,g
2044,g
2045,g
2046,g
2047,g
2048,g
2049,g
2050,g
2051,g
2052,Z
2053,g
2054,g
2055,g
2056,g
2057,g
2058,g
2059,g
2060,[
2061,g
2062,g
2063,g
2064,g
2065,g
2066,g
2067,g
2068,g
2069,g
2070,g
2071,g
2072,g
2073,g
2074,g
2075,g
2076,g
2077,g
2078,g
2079,g
2080,g
2081,c
2082,g
2083,g
2084,g
2085,g
2086,g
2087,g
2088,g
2089,g
2090,g
2091,g
2092,g
2093,g
2094,g
2095,g
2096,g
2097,g
2098,g
2099,T
2100,g
2101,g
2102,g
2103,g
2104,g
2105,g
2106,g
2107,g
2108,g
2109,g
2110,g
2111,g
2112,g
2113,g
2114,g
2115,g
2116,g
2117,g
2118,g
2119,g
2120,g
2121,g
2122,g
2123,g
2124,g
2125,g
2126,g
2127,g
2128,g
2129,g
2130,g
2131,g
2132,g
2133,g
2134,g
2135,g
2136,g
2137,g
2138,g
2139,g
2140,g
2141,g
2142,g
2143,g
2144,g
2145,g
2146,g
2147,g
2148,g
2149,g
2150,g
2151,g
2152,g
2153,g
2154,g
2155,g
2156,g
2157,g
2158,g
2159,g
2160,g
2161,g
2162,d
2163,g
2164,g
2165,g
2166,g
2167,g
2168,g
2169,g
2170,g
2171,g
2172,g
2173,g
2174,d
2175,g
2176,g
2177,g
2178,g
2179,g
2180,g
2181,g
2182,g
2183,g
2184,g
2185,d
2186,g
2187,d
2188,g
2189,g
2190,g
2191,g
2192,g
2193,g
2194,g
2195,g
2196,g
2197,d
2198,g
2199,g
2200,g
2201,g
2202,g
2203,g
2204,g
2205,g
2206,g
2207,g
2208,g
2209,g
2210,g
2211,g
2212,g
2213,g
2214,g
2215,g
2216,g
2217,g
2218,g
2219,g
2220,g
2221,g
2222,g
2223,g
2224,g
2225,g
2226,g
2227,g
2228,g
2229,g
2230,g
2231,g
2232,g
2233,g
2234,g
2235,g
2236,g
2237,g
2238,g
2239,g
2240,g
2241,g
2242,g
2243,g
2244,g
2245,g
2246,g
2247,g
2248,g
2249,g
2250,g
2251,g
2252,g
2253,g
2254,g
2255,g
2256,g
2257,g
2258,g
2259,g
2260,g
2261,g
2262,g
2263,g
2264,g
2265,g
2266,g
2267,g
2268,g
2269,g
2270,g
2271,g
2272,g
2273,g
2274,d
2275,g
2276,g
2277,g
2278,g
2279,g
2280,g
2281,g
2282,g
2283,g
2284,g
2285,g
2286,g
2287,g
2288,g
2289,g
2290,g
2291,g
2292,g
2293,g
2294,g
2295,g
2296,g
2297,g
2298,g
2299,g
2300,g
2301,g
2302,g
2303,g
2304,g
2305,g
2306,g
2307,c
2308,g
2309,g
2310,g
2311,c
2312,g
2313,g
2314,g
2315,g
2316,g
2317,g
2318,g
2319,g
2320,g
2321,g
2322,g
2323,g
2324,g
2325,d
2326,g
2327,g
2328,g
2329,g
2330,g
2331,g
2332,g
2333,g
2334,g
2335,g
2336,g
2337,g
2338,g
2339,d
2340,g
2341,d
2342,g
2343,g
2344,g
2345,g
2346,g
2347,g
2348,g
2349,g
2350,g
2351,g
2352,g
2353,g
2354,g
2355,g
2356,g
2357,d
2358,g
2359,g
2360,g
2361,g
2362,g
2363,g
2364,c
2365,g
2366,g
2367,g
2368,g
2369,g
2370,g
2371,g
2372,g
2373,g
2374,g
2375,d
2376,d
2377,g
2378,g
2379,g
2380,g
2381,g
2382,g
2383,g
2384,g
2385,g
2386,g
2387,g
2388,g
2389,g
2390,g
2391,g
2392,g
2393,g
2394,g
2395,g
2396,g
2397,g
2398,g
2399,g
2400,g
2401,g
2402,g
2403,g
2404,g
2405,g
2406,g
2407,g
2408,g
2409,g
2410,g
2411,g
2412,g
2413,g
2414,g
2415,g
2416,g
2417,g
2418,g
2419,g
2420,g
2421,g
2422,g
2423,g
2424,g
2425,g
2426,g
2427,g
2428,g
2429,g
2430,g
2431,g
2432,g
2433,g
2434,g
2435,g
2436,g
2437,g
2438,g
2439,g
2440,g
2441,g
2442,g
2443,g
2444,g
2445,g
2446,g
2447,g
2448,g
2449,g
2450,g
2451,g
2452,g
2453,g
2454,g
2455,g
2456,g
2457,c
2458,g
2459,g
2460,g
2461,g
2462,c
2463,g
2464,g
2465,g
2466,g
2467,c
2468,g
2469,g
2470,g
2471,g
2472,g
2473,g
2474,g
2475,g
2476,g
2477,g
2478,g
2479,g
2480,g
2481,g
2482,g
2483,g
2484,d
2485,g
2486,g
2487,g
2488,g
2489,g
2490,g
2491,g
2492,g
2493,g
2494,g
2495,g
2496,g
2497,g
2498,g
2499,g
2500,g
2501,g
2502,g
2503,g
2504,g
2505,g
2506,g
2507,g
2508,g
2509,d
2510,g
2511,g
2512,g
2513,g
2514,g
2515,g
2516,g
2517,g
2518,g
2519,g
2520,g
2521,g
2522,g
2523,g
2524,g
2525,g
2526,g
2527,g
2528,g
2529,g
2530,g
2531,g
2532,g
2533,g
2534,g
2535,g
2536,g
2537,g
2538,g
2539,g
2540,g
2541,g
2542,g
2543,g
2544,g
2545,g
2546,g
2547,g
2548,d
2549,g
2550,g
2551,h
2552,g
2553,d
2554,g
2555,g
2556,g
2557,g
2558,g
2559,g
2560,g
2561,g
2562,g
2563,g
2564,g
2565,g
2566,g
2567,g
2568,g
2569,g
2570,g
2571,g
2572,g
2573,g
2574,d
2575,g
2576,g
2577,g
2578,g
2579,g
2580,g
2581,g
2582,g
2583,g
2584,g
2585,g
2586,g
2587,g
2588,g
2589,g
2590,g
2591,g
2592,g
2593,g
2594,g
2595,g
2596,g
2597,g
2598,g
2599,g
2600,g
2601,g
2602,g
2603,g
2604,g
2605,g
2606,g
2607,g
2608,g
2609,g
2610,g
2611,g
2612,g
2613,g
2614,d
2615,g
2616,g
2617,g
2618,g
2619,g
2620,g
2621,g
2622,g
2623,g
2624,d
2625,g
2626,g
2627,g
2628,g
2629,g
2630,g
2631,d
2632,g
2633,g
2634,g
2635,d
2636,g
2637,g
2638,g
2639,g
2640,g
2641,g
2642,g
2643,g
2644,g
2645,g
2646,g
2647,g
2648,g
2649,g
2650,g
2651,d
2652,g
2653,g
2654,g
2655,g
2656,g
2657,g
2658,g
2659,d
2660,g
2661,g
2662,g
2663,g
2664,g
2665,g
2666,g
2667,g
2668,g
2669,g
2670,g
2671,g
2672,g
2673,g
2674,g
2675,g
2676,g
2677,d
2678,g
2679,d
2680,g
2681,d
2682,g
2683,g
2684,g
2685,g
2686,g
2687,g
2688,g
2689,g
2690,d
2691,c
2692,g
2693,g
2694,g
2695,g
2696,g
2697,g
2698,g
2699,g
2700,d
2701,g
2702,g
2703,g
2704,g
2705,g
2706,g
2707,g
2708,g
2709,g
2710,g
2711,g
2712,g
2713,g
2714,g
2715,g
2716,g
2717,g
2718,g
2719,g
2720,g
2721,g
2722,g
2723,g
2724,g
2725,g
2726,g
2727,g
2728,g
2729,g
2730,g
2731,g
2732,g
2733,g
2734,g
2735,c
2736,g
2737,g
2738,g
2739,g
2740,g
2741,g
2742,g
2743,g
2744,g
2745,g
2746,g
2747,g
2748,T
2749,g
2750,g
2751,g
2752,g
2753,g
2754,g
2755,g
2756,g
2757,g
2758,g
2759,g
2760,g
2761,g
2762,g
2763,g
2764,g
2765,g
2766,g
2767,d
2768,g
2769,g
2770,g
2771,g
2772,g
2773,g
2774,g
2775,g
2776,g
2777,g
2778,g
2779,g
2780,g
2781,g
2782,g
2783,g
2784,g
2785,g
2786,g
2787,g
2788,g
2789,g
2790,g
2791,g
2792,d
2793,g
2794,g
2795,g
2796,g
2797,g
2798,g
2799,g
2800,g
2801,g
2802,g
2803,g
2804,g
2805,g
2806,g
2807,g
2808,g
2809,g
2810,g
2811,g
2812,g
2813,g
2814,g
2815,g
2816,g
2817,g
2818,g
2819,g
2820,g
2821,g
2822,g
2823,g
2824,g
2825,g
2826,c
2827,g
2828,c
2829,g
2830,g
2831,g
2832,g
2833,g
2834,g
2835,g
2836,g
2837,g
2838,g
2839,g
2840,c
2841,g
2842,g
2843,g
2844,g
2845,g
2846,g
2847,g
2848,g
2849,g
2850,g
2851,g
2852,g
2853,g
2854,g
2855,g
2856,g
2857,d
2858,g
2859,g
2860,g
2861,g
2862,g
2863,g
2864,g
2865,g
2866,g
2867,g
2868,g
2869,g
2870,g
2871,g
2872,g
2873,g
2874,g
2875,g
2876,g
2877,g
2878,g
2879,g
2880,g
2881,g
2882,g
2883,g
2884,g
2885,d
2886,g
2887,g
2888,g
2889,g
2890,g
2891,g
2892,g
2893,g
2894,g
2895,g
2896,g
2897,g
2898,g
2899,g
2900,g
2901,g
2902,g
2903,g
2904,g
2905,g
2906,g
2907,g
2908,g
2909,g
2910,g
2911,g
2912,d
2913,g
2914,g
2915,g
2916,g
2917,g
2918,g
2919,g
2920,g
2921,g
2922,g
2923,g
2924,g
2925,g
2926,g
2927,g
2928,g
2929,g
2930,g
2931,g
2932,g
2933,c
2934,g
2935,g
2936,g
2937,g
2938,g
2939,d
2940,g
2941,g
2942,g
2943,g
2944,g
2945,g
2946,g
2947,g
2948,g
2949,g
2950,g
2951,g
2952,g
2953,g
2954,g
2955,g
2956,g
2957,g
2958,g
2959,g
2960,d
2961,g
2962,g
2963,g
2964,g
2965,g
2966,g
2967,g
2968,g
2969,g
2970,g
2971,g
2972,g
2973,g
2974,g
2975,g
2976,g
2977,g
2978,g
2979,g
2980,g
2981,g
2982,g
2983,g
2984,g
2985,g
2986,g
2987,g
2988,g
2989,g
2990,g
2991,g
2992,g
2993,g
2994,g
2995,g
2996,g
2997,g
2998,g
2999,g
